<?xml version="1.0" encoding="UTF-8"?>
<Deployment>
[!if!=(FRAMEWORK, "VCL")]
  <!-- Exception unwinder -->
  <DeployFile LocalName="$(BDS)\Redist\osx32\libcgunwind.1.0.dylib" Class="DependencyModule">
    <Platform Name="OSX32"/>
  </DeployFile>
  <DeployFile LocalName="$(BDS)\Redist\iossimulator\libcgunwind.1.0.dylib" Class="DependencyModule">
    <Platform Name="iOSSimulator"/>
  </DeployFile>
  <!-- Regular expressions -->
  <DeployFile LocalName="$(BDS)\Redist\iossimulator\libpcre.dylib" Class="DependencyModule">
    <Platform Name="iOSSimulator"/>
  </DeployFile>
[!endif]
[!if=(PERSONALITY, "CPlusPlusBuilder.Personality")]
  <!-- Dynamic RTL for C++ -->
  <DeployFile LocalName="$(BDS)\Redist\osx32\libcgcrtl.dylib" Class="DependencyModule" Condition="'$(DynamicRTL)'=='true'">
    <Platform Name="OSX32"/>
  </DeployFile>
  <DeployFile LocalName="$(BDS)\Redist\osx32\libcgstl.dylib" Class="DependencyModule" Condition="'$(DynamicRTL)'=='true'">
    <Platform Name="OSX32"/>
  </DeployFile>
  <DeployFile LocalName="$(BDS)\Redist\osx64\libcgcrtl.dylib" Class="DependencyModule" Condition="'$(DynamicRTL)'=='true'">
    <Platform Name="OSX64"/>
  </DeployFile>
  <DeployFile LocalName="$(BDS)\Redist\osx64\libcgstl.dylib" Class="DependencyModule" Condition="'$(DynamicRTL)'=='true'">
    <Platform Name="OSX64"/>
  </DeployFile>
  <DeployFile LocalName="$(BDS)\bin\cc32270mt.dll" Class="DependencyModule" Condition="'$(DynamicRTL)'=='true' And '$(Multithreaded)'=='true'">
    <Platform Name="Win32"/>
  </DeployFile>
  <DeployFile LocalName="$(BDS)\bin\cc32c270mt.dll" Class="DependencyModule" Condition="'$(DynamicRTL)'=='true' And '$(Multithreaded)'=='true'">
    <Platform Name="Win32"/>
  </DeployFile>
  <DeployFile LocalName="$(BDS)\bin\cc32270.dll" Class="DependencyModule" Condition="'$(DynamicRTL)'=='true' And '$(Multithreaded)'!='true'">
    <Platform Name="Win32"/>
  </DeployFile>
  <DeployFile LocalName="$(BDS)\bin\cc32c270.dll" Class="DependencyModule" Condition="'$(DynamicRTL)'=='true' And '$(Multithreaded)'!='true'">
    <Platform Name="Win32"/>
  </DeployFile>
  <DeployFile LocalName="$(BDS)\bin\borlndmm.dll" Class="DependencyModule" Condition="'$(UsingDelphiRTL)'=='true'">
    <Platform Name="Win32"/>
  </DeployFile>
  <DeployFile LocalName="$(BDS)\bin64\borlndmm.dll" Class="DependencyModule" Condition="'$(UsingDelphiRTL)'=='true'">
    <Platform Name="Win64"/>
  </DeployFile>
  <DeployFile LocalName="$(BDS)\bin64\cc64270mt.dll" Class="DependencyModule" Condition="'$(DynamicRTL)'=='true' And '$(Multithreaded)'=='true'">
    <Platform Name="Win64"/>
  </DeployFile>
  <DeployFile LocalName="$(BDS)\bin64\cc64270.dll" Class="DependencyModule" Condition="'$(DynamicRTL)'=='true' And '$(Multithreaded)'!='true'">
    <Platform Name="Win64"/>
  </DeployFile>
[!endif]

<!-- Deployment file classes -->
  <DeployClass Name="ProjectOutput" Required="true">
    <Platform Name="Win32">
      <RemoteDir></RemoteDir>
      <Operation>0</Operation>
    </Platform>
    <Platform Name="iOSSimulator">
      <RemoteDir></RemoteDir>
      <Operation>1</Operation>
    </Platform>
    <Platform Name="iOSDevice32">
      <RemoteDir></RemoteDir>
      <Operation>1</Operation>
    </Platform>
	<Platform Name="iOSDevice64">
      <RemoteDir></RemoteDir>
      <Operation>1</Operation>
    </Platform>
    <Platform Name="OSX32">
[!if=(APPTYPE, "Application")]
      <RemoteDir>Contents\MacOS</RemoteDir>
[!else]
      <RemoteDir></RemoteDir>
[!endif]
      <Operation>1</Operation>
    </Platform>
    <Platform Name="OSX64">
[!if=(APPTYPE, "Application")]
      <RemoteDir>Contents\MacOS</RemoteDir>
[!else]
      <RemoteDir></RemoteDir>
[!endif]
      <Operation>1</Operation>
    </Platform>
    <Platform Name="Android">
      <RemoteDir>library\lib\armeabi-v7a</RemoteDir>
      <Operation>1</Operation>
    </Platform>
    <Platform Name="Android64">
      <RemoteDir>library\lib\arm64-v8a</RemoteDir>
      <Operation>1</Operation>
    </Platform>
	<Platform Name="Linux64">
      <RemoteDir></RemoteDir>
      <Operation>1</Operation>
    </Platform>
  </DeployClass>

  <DeployClass Name="AndroidServiceOutput">
    <Platform Name="Android">
      <RemoteDir>library\lib\armeabi-v7a</RemoteDir>
      <Operation>1</Operation>
    </Platform>
    <Platform Name="Android64">
      <RemoteDir>library\lib\arm64-v8a</RemoteDir>
      <Operation>1</Operation>
    </Platform>
  </DeployClass>

  <DeployClass Name="ProjectOutput_Android32">  
    <Platform Name="Android64">
      <RemoteDir>library\lib\armeabi-v7a</RemoteDir>
      <Operation>1</Operation>
    </Platform>
  </DeployClass>    
  
  <DeployClass Name="AndroidServiceOutput_Android32">
    <Platform Name="Android64">
      <RemoteDir>library\lib\armeabi-v7a</RemoteDir>
      <Operation>1</Operation>
    </Platform>
  </DeployClass>

  <DeployClass Name="File">
    <Platform Name="Win32">
      <RemoteDir></RemoteDir>
      <Operation>0</Operation>
    </Platform>
    <Platform Name="OSX32">
[!if=(APPTYPE, "Application")]
      <RemoteDir>Contents\Resources\StartUp\</RemoteDir>
[!else]
      <RemoteDir></RemoteDir>
[!endif]
      <Operation>0</Operation>
    </Platform>
    <Platform Name="OSX64">
[!if=(APPTYPE, "Application")]
      <RemoteDir>Contents\Resources\StartUp\</RemoteDir>
[!else]
      <RemoteDir></RemoteDir>
[!endif]
      <Operation>0</Operation>
    </Platform>
    <Platform Name="iOSSimulator">
      <RemoteDir></RemoteDir>
      <Operation>0</Operation>
    </Platform>
    <Platform Name="iOSDevice32">
      <RemoteDir></RemoteDir>
      <Operation>0</Operation>
    </Platform>
	<Platform Name="iOSDevice64">
      <RemoteDir></RemoteDir>
      <Operation>0</Operation>
    </Platform>
    <Platform Name="Android">
      <RemoteDir></RemoteDir>
      <Operation>0</Operation>
    </Platform>
    <Platform Name="Android64">
      <RemoteDir></RemoteDir>
      <Operation>0</Operation>
    </Platform>
  </DeployClass>
  <DeployClass Name="AdditionalDebugSymbols">
    <Platform Name="Win32">
      <RemoteDir></RemoteDir>
      <Operation>0</Operation>
    </Platform>
    <Platform Name="OSX32">
[!if=(APPTYPE, "Application")]
      <RemoteDir>Contents\MacOS</RemoteDir>
[!else]
      <RemoteDir></RemoteDir>
[!endif]
      <Operation>1</Operation>
    </Platform>
[!if=(APPTYPE, "Application")]
    <Platform Name="iOSSimulator">
      <RemoteDir></RemoteDir>
      <Operation>1</Operation>
    </Platform>
[!endif]
    <Extensions>.tds;.rsm</Extensions>
  </DeployClass>
  <DeployClass Name="DebugSymbols">
    <Platform Name="Win32">
      <RemoteDir></RemoteDir>
      <Operation>0</Operation>
    </Platform>
    <Platform Name="OSX32">
[!if=(APPTYPE, "Application")]
      <RemoteDir>Contents\MacOS</RemoteDir>
[!else]
      <RemoteDir></RemoteDir>
[!endif]
      <Operation>1</Operation>
    </Platform>
    <Platform Name="iOSSimulator">
      <RemoteDir></RemoteDir>
      <Operation>1</Operation>
    </Platform>
    <Extensions>.tds;.rsm</Extensions>
  </DeployClass>
  <DeployClass Name="DependencyPackage" Required="true">
    <Platform Name="Win32">
      <RemoteDir></RemoteDir>
      <Operation>0</Operation>
      <Extensions>.bpl</Extensions>
    </Platform>
    <Platform Name="OSX32">
[!if=(APPTYPE, "Application")]
      <RemoteDir>Contents\MacOS</RemoteDir>
[!else]
      <RemoteDir></RemoteDir>
[!endif]
      <Operation>1</Operation>
      <Extensions>.dylib</Extensions>
    </Platform>
    <Platform Name="OSX64">
[!if=(APPTYPE, "Application")]
      <RemoteDir>Contents\MacOS</RemoteDir>
[!else]
      <RemoteDir></RemoteDir>
[!endif]
      <Operation>1</Operation>
      <Extensions>.dylib</Extensions>
    </Platform>
    <Platform Name="iOSSimulator">
      <RemoteDir></RemoteDir>
      <Operation>1</Operation>
      <Extensions>.dylib</Extensions>
    </Platform>
    <Platform Name="iOSDevice32">
      <RemoteDir></RemoteDir>
      <Operation>1</Operation>
      <Extensions>.dylib</Extensions>
    </Platform>
	<Platform Name="iOSDevice64">
      <RemoteDir></RemoteDir>
      <Operation>1</Operation>
      <Extensions>.dylib</Extensions>
    </Platform>
  </DeployClass>
  <DeployClass Name="DependencyModule">
    <Platform Name="Win32">
      <RemoteDir></RemoteDir>
      <Operation>0</Operation>
      <Extensions>.dll;.bpl</Extensions>
    </Platform>
    <Platform Name="OSX32">
[!if=(APPTYPE, "Application")]
      <RemoteDir>Contents\MacOS</RemoteDir>
[!else]
      <RemoteDir></RemoteDir>
[!endif]
      <Operation>1</Operation>
      <Extensions>.dylib</Extensions>
    </Platform>
    <Platform Name="OSX64">
[!if=(APPTYPE, "Application")]
      <RemoteDir>Contents\MacOS</RemoteDir>
[!else]
      <RemoteDir></RemoteDir>
[!endif]
      <Operation>1</Operation>
      <Extensions>.dylib</Extensions>
    </Platform>
[!if=(APPTYPE, "Application")]
    <Platform Name="iOSSimulator">
      <RemoteDir></RemoteDir>
      <Operation>1</Operation>
      <Extensions>.dylib</Extensions>
    </Platform>
    <Platform Name="iOSDevice32">
      <RemoteDir></RemoteDir>
      <Operation>1</Operation>
      <Extensions>.dylib</Extensions>
    </Platform>
	<Platform Name="iOSDevice64">
      <RemoteDir></RemoteDir>
      <Operation>1</Operation>
      <Extensions>.dylib</Extensions>
    </Platform>
[!endif]
  </DeployClass>
  <DeployClass Name="DependencyFramework">
    <Platform Name="Win32">
      <RemoteDir></RemoteDir>
      <Operation>0</Operation>
    </Platform>
    <Platform Name="OSX32">
[!if=(APPTYPE, "Application")]
      <RemoteDir>Contents\MacOS</RemoteDir>
[!else]
      <RemoteDir></RemoteDir>
[!endif]
      <Operation>1</Operation>
      <Extensions>.framework</Extensions>
    </Platform>
    <Platform Name="OSX64">
[!if=(APPTYPE, "Application")]
      <RemoteDir>Contents\MacOS</RemoteDir>
[!else]
      <RemoteDir></RemoteDir>
[!endif]
      <Operation>1</Operation>
      <Extensions>.framework</Extensions>
    </Platform>
  </DeployClass>
  <DeployClass Name="ProjectOSXResource">
    <Platform Name="OSX32">
      <RemoteDir>Contents\Resources</RemoteDir>
      <Operation>1</Operation>
    </Platform>
    <Platform Name="OSX64">
      <RemoteDir>Contents\Resources</RemoteDir>
      <Operation>1</Operation>
    </Platform>
  </DeployClass>
  <DeployClass Name="ProjectiOSResource">
    <Platform Name="iOSSimulator">
      <RemoteDir></RemoteDir>
      <Operation>1</Operation>
    </Platform>
    <Platform Name="iOSDevice32">
      <RemoteDir></RemoteDir>
      <Operation>1</Operation>
    </Platform>
	<Platform Name="iOSDevice64">
      <RemoteDir></RemoteDir>
      <Operation>1</Operation>
    </Platform>
  </DeployClass>
  <DeployClass Name="ProjectiOSLaunchScreen">
[!if=(APPTYPE, "Application")]
    <Platform Name="iOSSimulator">
      <RemoteDir>..\$(PROJECTNAME).launchscreen</RemoteDir>
      <RemoteName></RemoteName>
      <Operation>64</Operation>
    </Platform>
    <Platform Name="iOSDevice64">
      <RemoteDir>..\$(PROJECTNAME).launchscreen</RemoteDir>
      <RemoteName></RemoteName>
      <Operation>64</Operation>
    </Platform>
[!endif]
  </DeployClass>
  <DeployClass Name="iPhone_Launch2x">
    <Platform Name="iOSSimulator">
      <RemoteDir>..\$(PROJECTNAME).launchscreen\Assets\LaunchScreenImage.imageset</RemoteDir>
      <RemoteName>FM_LaunchScreenImage_iPhone@2x.png</RemoteName>
      <Operation>1</Operation>
    </Platform>
	<Platform Name="iOSDevice64">
      <RemoteDir>..\$(PROJECTNAME).launchscreen\Assets\LaunchScreenImage.imageset</RemoteDir>
      <RemoteName>FM_LaunchScreenImage_iPhone@2x.png</RemoteName>
      <Operation>1</Operation>
    </Platform>
  </DeployClass>
  <DeployClass Name="iPhone_LaunchDark2x">
    <Platform Name="iOSSimulator">
      <RemoteDir>..\$(PROJECTNAME).launchscreen\Assets\LaunchScreenImage.imageset</RemoteDir>
      <RemoteName>FM_LaunchScreenImage_iPhoneDark@2x.png</RemoteName>
      <Operation>1</Operation>
    </Platform>
	<Platform Name="iOSDevice64">
      <RemoteDir>..\$(PROJECTNAME).launchscreen\Assets\LaunchScreenImage.imageset</RemoteDir>
      <RemoteName>FM_LaunchScreenImage_iPhoneDark@2x.png</RemoteName>
      <Operation>1</Operation>
    </Platform>
  </DeployClass>
  <DeployClass Name="iPhone_Launch3x">
    <Platform Name="iOSSimulator">
      <RemoteDir>..\$(PROJECTNAME).launchscreen\Assets\LaunchScreenImage.imageset</RemoteDir>
      <RemoteName>FM_LaunchScreenImage_iPhone@3x.png</RemoteName>
      <Operation>1</Operation>
    </Platform>
	<Platform Name="iOSDevice64">
      <RemoteDir>..\$(PROJECTNAME).launchscreen\Assets\LaunchScreenImage.imageset</RemoteDir>
      <RemoteName>FM_LaunchScreenImage_iPhone@3x.png</RemoteName>
      <Operation>1</Operation>
    </Platform>
  </DeployClass>
  <DeployClass Name="iPhone_LaunchDark3x">
    <Platform Name="iOSSimulator">
      <RemoteDir>..\$(PROJECTNAME).launchscreen\Assets\LaunchScreenImage.imageset</RemoteDir>
      <RemoteName>FM_LaunchScreenImage_iPhoneDark@3x.png</RemoteName>
      <Operation>1</Operation>
    </Platform>
	<Platform Name="iOSDevice64">
      <RemoteDir>..\$(PROJECTNAME).launchscreen\Assets\LaunchScreenImage.imageset</RemoteDir>
      <RemoteName>FM_LaunchScreenImage_iPhoneDark@3x.png</RemoteName>
      <Operation>1</Operation>
    </Platform>
  </DeployClass>
  <DeployClass Name="iPad_Launch2x">
    <Platform Name="iOSSimulator">
      <RemoteDir>..\$(PROJECTNAME).launchscreen\Assets\LaunchScreenImage.imageset</RemoteDir>
      <RemoteName>FM_LaunchScreenImage_iPad@2x.png</RemoteName>
      <Operation>1</Operation>
    </Platform>
	<Platform Name="iOSDevice64">
      <RemoteDir>..\$(PROJECTNAME).launchscreen\Assets\LaunchScreenImage.imageset</RemoteDir>
      <RemoteName>FM_LaunchScreenImage_iPad@2x.png</RemoteName>
      <Operation>1</Operation>
    </Platform>
  </DeployClass>
  <DeployClass Name="iPad_LaunchDark2x">
    <Platform Name="iOSSimulator">
      <RemoteDir>..\$(PROJECTNAME).launchscreen\Assets\LaunchScreenImage.imageset</RemoteDir>
      <RemoteName>FM_LaunchScreenImage_iPadDark@2x.png</RemoteName>
      <Operation>1</Operation>
    </Platform>
	<Platform Name="iOSDevice64">
      <RemoteDir>..\$(PROJECTNAME).launchscreen\Assets\LaunchScreenImage.imageset</RemoteDir>
      <RemoteName>FM_LaunchScreenImage_iPadDark@2x.png</RemoteName>
      <Operation>1</Operation>
    </Platform>
  </DeployClass>

  <DeployClass Name="ProjectOSXInfoPList">
[!if=(APPTYPE, "Application")]
    <Platform Name="OSX32">
      <RemoteDir>Contents</RemoteDir>
      <RemoteName>Info.plist</RemoteName>
      <Operation>1</Operation>
    </Platform>
    <Platform Name="OSX64">
      <RemoteDir>Contents</RemoteDir>
      <RemoteName>Info.plist</RemoteName>
      <Operation>1</Operation>
    </Platform>
[!endif]
  </DeployClass>
  <DeployClass Name="ProjectiOSInfoPList">
[!if=(APPTYPE, "Application")]
    <Platform Name="iOSSimulator">
      <RemoteDir></RemoteDir>
      <RemoteName>Info.plist</RemoteName>
      <Operation>1</Operation>
    </Platform>
	<Platform Name="iOSDevice32">
      <RemoteDir></RemoteDir>
      <RemoteName>Info.plist</RemoteName>
      <Operation>1</Operation>
    </Platform>
	<Platform Name="iOSDevice64">
      <RemoteDir></RemoteDir>
      <RemoteName>Info.plist</RemoteName>
      <Operation>1</Operation>
    </Platform>
[!endif]
  </DeployClass>
  <DeployClass Name="ProjectOSXDebug">
[!if=(APPTYPE, "Application")]
	<Platform Name="OSX64">
      <RemoteDir>..\$(PROJECTNAME).app.dSYM\Contents\Resources\DWARF</RemoteDir>
      <RemoteName>$(PROJECTNAME)</RemoteName>
      <Operation>1</Operation>
    </Platform>
[!endif]
  </DeployClass>
  <DeployClass Name="ProjectiOSDeviceDebug">
    <Platform Name="iOSDevice32">
      <RemoteDir>..\$(PROJECTNAME).app.dSYM\Contents\Resources\DWARF</RemoteDir>
      <RemoteName>$(PROJECTNAME)</RemoteName>
      <Operation>1</Operation>
    </Platform>
	<Platform Name="iOSDevice64">
      <RemoteDir>..\$(PROJECTNAME).app.dSYM\Contents\Resources\DWARF</RemoteDir>
      <RemoteName>$(PROJECTNAME)</RemoteName>
      <Operation>1</Operation>
    </Platform>
  </DeployClass>
  <DeployClass Name="ProjectiOSDeviceResourceRules">
[!if=(APPTYPE, "Application")]
    <Platform Name="iOSDevice32">
      <RemoteDir></RemoteDir>
      <RemoteName>ResourceRules.plist</RemoteName>
      <Operation>1</Operation>
    </Platform>
	<Platform Name="iOSDevice64">
      <RemoteDir></RemoteDir>
      <RemoteName>ResourceRules.plist</RemoteName>
      <Operation>1</Operation>
    </Platform>
[!endif]
  </DeployClass>
  <DeployClass Name="ProjectOSXEntitlements">
[!if=(APPTYPE, "Application")]
    <Platform Name="OSX32">
      <RemoteDir>..\</RemoteDir>
      <RemoteName>$(PROJECTNAME).entitlements</RemoteName>
      <Operation>1</Operation>
    </Platform>
    <Platform Name="OSX64">
      <RemoteDir>..\</RemoteDir>
      <RemoteName>$(PROJECTNAME).entitlements</RemoteName>
      <Operation>1</Operation>
    </Platform>
[!endif]
  </DeployClass>
  <DeployClass Name="ProjectiOSEntitlements">
[!if=(APPTYPE, "Application")]
    <Platform Name="iOSDevice32">
      <RemoteDir>..\</RemoteDir>
      <RemoteName>$(PROJECTNAME).entitlements</RemoteName>
      <Operation>1</Operation>
    </Platform>
	<Platform Name="iOSDevice64">
      <RemoteDir>..\</RemoteDir>
      <RemoteName>$(PROJECTNAME).entitlements</RemoteName>
      <Operation>1</Operation>
    </Platform>
[!endif]
  </DeployClass>
  <DeployClass Name="ProjectAndroidManifest">
    <Platform Name="Android">
      <RemoteDir></RemoteDir>
      <RemoteName>AndroidManifest.xml</RemoteName>
      <Operation>1</Operation>
    </Platform>
    <Platform Name="Android64">
      <RemoteDir></RemoteDir>
      <RemoteName>AndroidManifest.xml</RemoteName>
      <Operation>1</Operation>
    </Platform>
  </DeployClass>
  <DeployClass Name="Android_DefaultAppIcon">
    <Platform Name="Android">
      <RemoteDir>res\drawable</RemoteDir>
      <RemoteName>app_icon.png</RemoteName>
      <Operation>1</Operation>
    </Platform>
    <Platform Name="Android64">
      <RemoteDir>res\drawable</RemoteDir>
      <RemoteName>app_icon.png</RemoteName>
      <Operation>1</Operation>
    </Platform>
  </DeployClass>
  <DeployClass Name="Android_LauncherIcon36">
    <Platform Name="Android">
      <RemoteDir>res\drawable-ldpi</RemoteDir>
      <Operation>1</Operation>
    </Platform>
    <Platform Name="Android64">
      <RemoteDir>res\drawable-ldpi</RemoteDir>
      <Operation>1</Operation>
    </Platform>
  </DeployClass>
  <DeployClass Name="Android_LauncherIcon48">
    <Platform Name="Android">
      <RemoteDir>res\drawable-mdpi</RemoteDir>
      <Operation>1</Operation>
    </Platform>
    <Platform Name="Android64">
      <RemoteDir>res\drawable-mdpi</RemoteDir>
      <Operation>1</Operation>
    </Platform>
  </DeployClass>
  <DeployClass Name="Android_LauncherIcon72">
    <Platform Name="Android">
      <RemoteDir>res\drawable-hdpi</RemoteDir>
      <Operation>1</Operation>
    </Platform>
    <Platform Name="Android64">
      <RemoteDir>res\drawable-hdpi</RemoteDir>
      <Operation>1</Operation>
    </Platform>
  </DeployClass>
  <DeployClass Name="Android_LauncherIcon96">
    <Platform Name="Android">
      <RemoteDir>res\drawable-xhdpi</RemoteDir>
      <Operation>1</Operation>
    </Platform>
    <Platform Name="Android64">
      <RemoteDir>res\drawable-xhdpi</RemoteDir>
      <Operation>1</Operation>
    </Platform>
  </DeployClass>
  <DeployClass Name="Android_LauncherIcon144">
    <Platform Name="Android">
      <RemoteDir>res\drawable-xxhdpi</RemoteDir>
      <Operation>1</Operation>
    </Platform>
    <Platform Name="Android64">
      <RemoteDir>res\drawable-xxhdpi</RemoteDir>
      <Operation>1</Operation>
    </Platform>
  </DeployClass>
  <DeployClass Name="Android_SplashImage426">
    <Platform Name="Android">
      <RemoteDir>res\drawable-small</RemoteDir>
      <RemoteName>splash_image.png</RemoteName>
      <Operation>1</Operation>
    </Platform>
    <Platform Name="Android64">
      <RemoteDir>res\drawable-small</RemoteDir>
      <RemoteName>splash_image.png</RemoteName>
      <Operation>1</Operation>
    </Platform>
  </DeployClass>
  <DeployClass Name="Android_SplashImage470">
    <Platform Name="Android">
      <RemoteDir>res\drawable-normal</RemoteDir>
      <RemoteName>splash_image.png</RemoteName>
      <Operation>1</Operation>
    </Platform>
    <Platform Name="Android64">
      <RemoteDir>res\drawable-normal</RemoteDir>
      <RemoteName>splash_image.png</RemoteName>
      <Operation>1</Operation>
    </Platform>
  </DeployClass>
  <DeployClass Name="Android_SplashImage640">
    <Platform Name="Android">
      <RemoteDir>res\drawable-large</RemoteDir>
      <RemoteName>splash_image.png</RemoteName>
      <Operation>1</Operation>
    </Platform>
    <Platform Name="Android64">
      <RemoteDir>res\drawable-large</RemoteDir>
      <RemoteName>splash_image.png</RemoteName>
      <Operation>1</Operation>
    </Platform>
  </DeployClass>
  <DeployClass Name="Android_SplashImage960">
    <Platform Name="Android">
      <RemoteDir>res\drawable-xlarge</RemoteDir>
      <RemoteName>splash_image.png</RemoteName>
      <Operation>1</Operation>
    </Platform>
    <Platform Name="Android64">
      <RemoteDir>res\drawable-xlarge</RemoteDir>
      <RemoteName>splash_image.png</RemoteName>
      <Operation>1</Operation>
    </Platform>
  </DeployClass>
  <DeployClass Name="AndroidSplashImageDef">
    <Platform Name="Android">
      <RemoteDir>res\drawable</RemoteDir>
      <RemoteName>splash_image_def.xml</RemoteName>
      <Operation>1</Operation>
    </Platform>
    <Platform Name="Android64">
      <RemoteDir>res\drawable</RemoteDir>
      <RemoteName>splash_image_def.xml</RemoteName>
      <Operation>1</Operation>
    </Platform>
  </DeployClass>
  <DeployClass Name="AndroidSplashStyles">
    <Platform Name="Android">
      <RemoteDir>res\values</RemoteDir>
      <RemoteName>styles.xml</RemoteName>
      <Operation>1</Operation>
    </Platform>
    <Platform Name="Android64">
      <RemoteDir>res\values</RemoteDir>
      <RemoteName>styles.xml</RemoteName>
      <Operation>1</Operation>
    </Platform>
  </DeployClass>
  <DeployClass Name="AndroidSplashStylesV21">
    <Platform Name="Android">
      <RemoteDir>res\values-v21</RemoteDir>
      <RemoteName>styles.xml</RemoteName>
      <Operation>1</Operation>
    </Platform>
    <Platform Name="Android64">
      <RemoteDir>res\values-v21</RemoteDir>
      <RemoteName>styles.xml</RemoteName>
      <Operation>1</Operation>
    </Platform>
  </DeployClass>
  <DeployClass Name="Android_NotificationIcon24">
    <Platform Name="Android">
      <RemoteDir>res\drawable-mdpi</RemoteDir>
      <RemoteName>ic_notification.png</RemoteName>
      <Operation>1</Operation>
    </Platform>
    <Platform Name="Android64">
      <RemoteDir>res\drawable-mdpi</RemoteDir>
      <RemoteName>ic_notification.png</RemoteName>
      <Operation>1</Operation>
    </Platform>
  </DeployClass>
  <DeployClass Name="Android_NotificationIcon36">
    <Platform Name="Android">
      <RemoteDir>res\drawable-hdpi</RemoteDir>
      <RemoteName>ic_notification.png</RemoteName>
      <Operation>1</Operation>
    </Platform>
    <Platform Name="Android64">
      <RemoteDir>res\drawable-hdpi</RemoteDir>
      <RemoteName>ic_notification.png</RemoteName>
      <Operation>1</Operation>
    </Platform>
  </DeployClass>
  <DeployClass Name="Android_NotificationIcon48">
    <Platform Name="Android">
      <RemoteDir>res\drawable-xhdpi</RemoteDir>
      <RemoteName>ic_notification.png</RemoteName>
      <Operation>1</Operation>
    </Platform>
    <Platform Name="Android64">
      <RemoteDir>res\drawable-xhdpi</RemoteDir>
      <RemoteName>ic_notification.png</RemoteName>
      <Operation>1</Operation>
    </Platform>
  </DeployClass>
  <DeployClass Name="Android_NotificationIcon72">
    <Platform Name="Android">
      <RemoteDir>res\drawable-xxhdpi</RemoteDir>
      <RemoteName>ic_notification.png</RemoteName>
      <Operation>1</Operation>
    </Platform>
    <Platform Name="Android64">
      <RemoteDir>res\drawable-xxhdpi</RemoteDir>
      <RemoteName>ic_notification.png</RemoteName>
      <Operation>1</Operation>
    </Platform>
  </DeployClass>
  <DeployClass Name="Android_NotificationIcon96">
    <Platform Name="Android">
      <RemoteDir>res\drawable-xxxhdpi</RemoteDir>
      <RemoteName>ic_notification.png</RemoteName>
      <Operation>1</Operation>
    </Platform>
    <Platform Name="Android64">
      <RemoteDir>res\drawable-xxxhdpi</RemoteDir>
      <RemoteName>ic_notification.png</RemoteName>
      <Operation>1</Operation>
    </Platform>
  </DeployClass>
  <DeployClass Name="Android_Colors">
    <Platform Name="Android">
      <RemoteDir>res\values</RemoteDir>
      <RemoteName>colors.xml</RemoteName>
      <Operation>1</Operation>
    </Platform>
    <Platform Name="Android64">
      <RemoteDir>res\values</RemoteDir>
      <RemoteName>colors.xml</RemoteName>
      <Operation>1</Operation>
    </Platform>
  </DeployClass>
  <DeployClass Name="Android_Strings">
    <Platform Name="Android">
      <RemoteDir>res\values</RemoteDir>
      <RemoteName>strings.xml</RemoteName>
      <Operation>1</Operation>
    </Platform>
    <Platform Name="Android64">
      <RemoteDir>res\values</RemoteDir>
      <RemoteName>strings.xml</RemoteName>
      <Operation>1</Operation>
    </Platform>
  </DeployClass>
  <DeployClass Name="AndroidFileProvider">
    <Platform Name="Android">
      <RemoteDir>res\xml</RemoteDir>
      <Operation>1</Operation>
    </Platform>
    <Platform Name="Android64">
      <RemoteDir>res\xml</RemoteDir>
      <Operation>1</Operation>
    </Platform>
  </DeployClass>
  <DeployClass Name="AndroidGDBServer">
    <Platform Name="Android">
      <RemoteDir>library\lib\armeabi-v7a</RemoteDir>
      <Operation>1</Operation>
    </Platform>
  </DeployClass>
   <DeployClass Name="AndroidClassesDexFile">
    <Platform Name="Android">
      <RemoteDir>classes</RemoteDir>
      <Operation>1</Operation>
    </Platform>
    <Platform Name="Android64">
      <RemoteDir>classes</RemoteDir>
      <Operation>1</Operation>
    </Platform>
  </DeployClass>
  <DeployClass Name="AndroidLibnativeArmeabiFile">
    <Platform Name="Android">
      <RemoteDir>library\lib\armeabi</RemoteDir>
      <RemoteName>$(PROJECTNAME).so</RemoteName>
      <Operation>1</Operation>
    </Platform>
    <Platform Name="Android64">
      <RemoteDir>library\lib\armeabi</RemoteDir>
      <RemoteName>$(PROJECTNAME).so</RemoteName>
      <Operation>1</Operation>
    </Platform>
  </DeployClass>
  <DeployClass Name="AndroidLibnativeArmeabiv7aFile">
    <Platform Name="Android64">
      <RemoteDir>library\lib\armeabi-v7a</RemoteDir>
      <RemoteName>$(PROJECTNAME).so</RemoteName>
      <Operation>1</Operation>
    </Platform>
  </DeployClass>
  <DeployClass Name="AndroidLibnativeMipsFile">
    <Platform Name="Android">
      <RemoteDir>library\lib\mips</RemoteDir>
      <RemoteName>$(PROJECTNAME).so</RemoteName>
      <Operation>1</Operation>
    </Platform>
    <Platform Name="Android64">
      <RemoteDir>library\lib\mips</RemoteDir>
      <RemoteName>$(PROJECTNAME).so</RemoteName>
      <Operation>1</Operation>
    </Platform>
  </DeployClass>
  <DeployClass Name="ProjectUWPManifest">
    <Platform Name="Win32">
      <RemoteDir></RemoteDir>
      <RemoteName>AppxManifest.xml</RemoteName>
      <Operation>1</Operation>
    </Platform>
    <Platform Name="Win64">
      <RemoteDir></RemoteDir>
      <RemoteName>AppxManifest.xml</RemoteName>
      <Operation>1</Operation>
    </Platform>
  </DeployClass>
[!if=(PERSONALITY, "CPlusPlusBuilder.Personality")]
  <DeployClass Name="UWP_CppLogo44">
    <Platform Name="Win32">
      <RemoteDir>Assets</RemoteDir>
      <RemoteName>Logo44x44.png</RemoteName>
      <Operation>1</Operation>
    </Platform>
	<Platform Name="Win64">
      <RemoteDir>Assets</RemoteDir>
      <RemoteName>Logo44x44.png</RemoteName>
      <Operation>1</Operation>
    </Platform>
  </DeployClass>
  <DeployClass Name="UWP_CppLogo150">
    <Platform Name="Win32">
      <RemoteDir>Assets</RemoteDir>
      <RemoteName>Logo150x150.png</RemoteName>
      <Operation>1</Operation>
    </Platform>
	<Platform Name="Win64">
      <RemoteDir>Assets</RemoteDir>
      <RemoteName>Logo150x150.png</RemoteName>
      <Operation>1</Operation>
    </Platform>
  </DeployClass>
[!else]
  <DeployClass Name="UWP_DelphiLogo44">
    <Platform Name="Win32">
      <RemoteDir>Assets</RemoteDir>
      <RemoteName>Logo44x44.png</RemoteName>
      <Operation>1</Operation>
    </Platform>
	<Platform Name="Win64">
      <RemoteDir>Assets</RemoteDir>
      <RemoteName>Logo44x44.png</RemoteName>
      <Operation>1</Operation>
    </Platform>
  </DeployClass>
  <DeployClass Name="UWP_DelphiLogo150">
    <Platform Name="Win32">
      <RemoteDir>Assets</RemoteDir>
      <RemoteName>Logo150x150.png</RemoteName>
      <Operation>1</Operation>
    </Platform>
	<Platform Name="Win64">
      <RemoteDir>Assets</RemoteDir>
      <RemoteName>Logo150x150.png</RemoteName>
      <Operation>1</Operation>
    </Platform>
  </DeployClass>
[!endif]

  <ProjectRoot Platform="Linux64" Name="$(PROJECTNAME)"/>
  <ProjectRoot Platform="Android" Name="$(PROJECTNAME)"/>
  <ProjectRoot Platform="Android64" Name="$(PROJECTNAME)"/>
  <ProjectRoot Platform="iOSSimulator" Name="$(PROJECTNAME).app"/>
  <ProjectRoot Platform="iOSDevice32" Name="$(PROJECTNAME).app"/>
  <ProjectRoot Platform="iOSDevice64" Name="$(PROJECTNAME).app"/>
[!if=(APPTYPE, "Application")]
  <ProjectRoot Platform="OSX32" Name="$(PROJECTNAME).app"/>
  <ProjectRoot Platform="OSX64" Name="$(PROJECTNAME).app"/>
[!else]
  <ProjectRoot Platform="OSX32" Name="$(PROJECTNAME)"/>
  <ProjectRoot Platform="OSX64" Name="$(PROJECTNAME)"/>
[!endif]

  <ProjectRoot Platform="Win32" Name="$(PROJECTNAME)"/>
  <ProjectRoot Platform="Win64" Name="$(PROJECTNAME)"/>
</Deployment>


